insert into aircraft(id, aircraft_model, capacity)
	values
		(1, 'ATR 42', 100),
		(2, 'ATR 72', 120),
		(3, 'Airbus A200', 130),
		(4, 'Airbus A220', 140),
		(5, 'Airbus A300', 150),
		(6, 'Airbus A310', 160),
		(7, 'Airbus A320', 170),
		(8, 'Airbus A330', 180),
		(9, 'Airbus A340', 190),
		(10, 'Airbus A350', 200),
		(11, 'Airbus A360', 250),
		(12, 'Airbus A370', 300),
		(13, 'Airbus A380', 350),
		(14, 'Airbus A390', 300),
		(15, 'Airbus A400', 400),
		(16, 'Antonov An225', 500),
        (17, 'Beechcraft 200 Super King Air', 700),
		(18, 'Beechcraft 1300', 600),
		(19, 'Beriev Be 200', 450),
		(20, 'British Aerospace BAe 146', 500),
		(21, 'Boeing 717', 530),
		(22, 'Boeing 757', 540),
		(23, 'Boeing 767', 550),
		(24, 'Boeing 777', 630),
		(25, 'Boeing 787', 650),
		(26, 'Bombardier 100', 630),
		(27, 'Bombardier 200', 430),
		(28, 'Bombardier 700', 650),
		(29, 'Bombardier 900', 720),
		(30, 'Bombardier Dash 8', 550),
		(31, 'CASA C212 Aviocar', 300),
		(32, 'Cessna 208', 430),
		(33, 'Cessna 404', 520),
		(34, 'Comac C919', 400),
		(35, 'Embraer ERJ 135', 280),
		(36, 'Embraer ERJ 140', 300),
		(37, 'Embraer ERJ 145', 380),
		(38, 'Embraer 170', 420),
		(39, 'Embraer 175', 470),
		(40, 'Embraer 190', 500),
		(41, 'Embraer 195', 520),
		(42, 'Fokker 50', 600),
		(43, 'Fokker 70', 630),
		(44, 'Fokker 100', 650),
		(45, 'IPTN 250', 610),
		(46, 'IPTN 1230', 560),
		(47, 'Piper T1300', 470),
		(48, 'Piper T2000', 370),
		(49, 'Short 330', 180),
		(50, 'Short 400', 200);
		
		
insert into airport(id, airport_name, country, city)
	values
		(1, 'Heathrow','UK','London'), 
        (2, 'Istanbul', 'Turkey', 'Istanbul'),
		(3, 'Charles de Gaulle', 'France', 'Paris'),
		(4, 'Schiphol', 'Netherlands', 'Amsterdam'), 
		(5, 'Barajas', 'Spain', 'Madrid'),
		(6, 'Frankfurt', 'Germany', 'Frankfurt'), 
		(7, 'El Prat', 'Spain', 'Barcelona'),
		(8, 'Fiumicino', 'Italy', 'Rome'),  
		(9, 'Malpensa', 'Italy', 'Milan'),
		(10, 'Gatwick', 'UK', 'London'),
		(11, 'Lisbon', 'Portugal', 'Lisbon'),
		(12, 'Vienna', 'Austria', 'Vienna'),
		(13, 'Oslo', 'Norway', 'Oslo'),
		(14, 'Manchester', 'UK', 'Manchester'),
		(15, 'Brandenburg', 'Germany', 'Berlin'),  
		(16, 'El Dorado', 'Colombia', 'Bogota'),
		(17, 'Guarulhos', 'Brazil', 'Sao Paulo'), 
		(18, 'Jorge Chavez', 'Peru', 'Lima'), 
		(19, 'Beijing', 'China', 'Beijing'),
		(20, 'Dubai', 'UAE', 'Dubai'),
		(21, 'Haneda', 'Japan', 'Tokyo'),
		(22, 'Pudong', 'China', 'Shanghai'),
		(23, 'Indira Gandhi', 'India', 'Delhi'), 
		(24, 'Incheon', 'South Korea', 'Seoul'),
		(25, 'Narita', 'Japan', 'Tokyo'),
		(26, 'Hartsfield Jackson', 'US', 'Atlanta'),
		(27, 'Fort Worth', 'US', 'Dallas'),
		(28, 'Denver', 'US', 'Denver'),
		(29, 'Miami', 'US', 'Miami'),
		(30, 'Mexico City', 'Mexico', 'Mexico City'),
		(31, 'Pearson', 'Canada', 'Toronto'),
		(32, 'Cancun', 'Mexico', 'Cancun'),
		(33, 'Hamburg', 'Germany', 'Hamburg'),
		(34, 'Naples', 'Italy', 'Naples'),
		(35, 'Orio al Serio', 'Italy', 'Bergamo'),
		(36, 'Valencia', 'Spain', 'Valencia'),
		(37, 'Porto', 'Portugal', 'Porto'),
		(38, 'Stuttgart', 'Germany', 'Stuttgart'),
		(39, 'Seville', 'Spain', 'Seville'),
		(40, 'Falcone', 'Italy', 'Palermo'),
		(41, 'Riga', 'Latvia', 'Riga'),
		(42, 'Goteborg', 'Norway', 'Gothenborg'),
		(43, 'Corfu', 'Grece', 'Corfu'),
		(44, 'East Mitland', 'UK', 'Nottingham'),
		(45, 'Aurel Vlaicu', 'Romania', 'Bucharest'),
		(46, 'Henri Coanda', 'Romania', 'Bucharest'),
		(47, 'Avram Iancu', 'Romania', 'Cluj'), 
		(48, 'Traian Vuia', 'Romania', 'Timisoara'),
		(49, 'Pulkovo' , 'Russia', 'Saint Petersburg'), 
		(50, 'Vnukovo', 'Russia', 'Moskow');
		
insert into crew(id, name, position, aircraft_id)
	values
		(1, 'Ethan Smith', 'Pilot', 50), 
		(2, 'Emma Johnson', 'Co Pilot', 49),
		(3, 'Noah Williams', 'Cabin Crew', 48),
		(4, 'Olivia Brown', 'Flight Attendant', 47), 
		(5, 'Liam Jones', 'Flight Attendant', 47),
		(6, 'Ava Miller', 'Dispatch Officer', 45), 
		(7, 'Jackson Davis', 'Pilot', 46),
		(8, 'Sophia Garcia', 'Cabin Crew', 45),
		(9, 'Aiden Rodriguez', 'Co Pilot', 50), 
		(10, 'Isabella Martinez', 'Flight Attendant', 48),
		(11, 'Lucas Hernandez', 'Pilot', 44),
		(12, 'Mia Lopez', 'Cabin Crew', 43), 
		(13, 'Oliver Gonzalez', 'Pilot', 42), 
		(14, 'Amelia Wilson', 'Cabin Crew', 41),
		(15, 'Elijah Anderson', 'Co Pilot', 40),
		(16, 'Harper Thomas', 'Pilot', 35),
		(17, 'Grayson Taylor', 'Co Pilot', 35),
		(18, 'Evelyn Moore', 'Dispatch Officer', 37), 
		(19, 'Logan Jackson', 'Pilot', 34),
		(20, 'Abigail Martin', 'Flight Attendant', 29),
		(21, 'Caleb Lee', 'Flight Attendant', 30), 
		(22, 'Ella Perez', 'Co Pilot', 32), 
		(23, 'Mason Thompson', 'Pilot', 33),
		(24, 'Scarlett White', 'Cabin Crew', 31), 
		(25, 'Alexander Harris', 'Pilot', 31),
		(26, 'Grace Sanchez', 'Pilot', 27),
		(27, 'James Clark', 'Pilot', 29), 
		(28, 'Lily Ramirez', 'Flight Attendant', 29), 
		(29, 'Benjamin Lewis', 'Co Pilot', 25),
		(30, 'Chloe Robinson', 'Pilot', 21), 
		(31, 'Henry Walker', 'Cabin Crew', 22),
		(32, 'Aria Hall', 'Flight Attendant', 26),
		(33, 'Sebastian Young', 'Pilot', 20),
		(34, 'Zoey Allen', 'Aircraft Inspector', 25), 
		(35, 'Carter King', 'Ground Crew', 18),
		(36, 'Charlotte Wright', 'Dispatch Officer', 19),
		(37, 'Daniel Scott', 'Flight Attendant', 17),
		(38, 'Ava Torres', 'Flight Engineer', 16),
		(39, 'Matthew Nguyen', 'Cabin Crew', 15), 
		(40, 'Riley Hill', 'Pilot', 15),
		(41, 'Wyatt Flores', 'Co Pilot', 17),
		(42, 'Nora Green', 'Ground Crew', 12), 
		(43, 'Jayden Adams', 'Flight Attendant',10), 
		(44, 'Emily Nelson', 'Pilot', 9), 
		(45, 'Levi Baker', 'Co Pilot', 8),
		(46, 'Sofia Hall', 'Flight Attendat', 7), 
		(47, 'David Rivera', 'Cabin Crew', 6),
		(48, 'Madison Campbell', 'Flight Attendant', 8),
		(49, 'Luke Mitchell', 'Pilot', 5),
		(50, 'Layla Carter', 'Co Pilot', 5);

		 
INSERT INTO flight(id, departure, arrival, destination, aircraft_id, airport_id)
		Values
		  (1, '2024-02-01 08:00:00', '2024-02-01 10:00:00', 'New York', 1, 1),
		  (2, '2024-02-02 09:30:00', '2024-02-02 12:00:00', 'London', 2, 2),
		  (3, '2024-02-03 12:45:00', '2024-02-03 15:30:00', 'Tokyo', 3, 3),
		  (4, '2024-02-04 10:00:00', '2024-02-05 14:45:00', 'Timisoara', 4, 8),
		  (5, '2024-02-21 14:30:00', '2024-02-21 17:15:00', 'Lisbon', 5, 5),
		  (6, '2024-02-22 11:00:00', '2024-02-22 13:45:00', 'Berlin', 8, 15),
		  (7, '2024-02-23 16:45:00', '2024-02-23 19:30:00', 'Beijing', 12, 19),
		  (8, '2024-02-24 08:15:00', '2024-02-24 11:00:00', 'Dubai', 14, 20),
		  (9, '2024-02-25 20:00:00', '2024-02-25 22:45:00', 'Sydney', 9, 25),
		  (10, '2024-02-26 09:30:00', '2024-02-26 12:15:00', 'Cancun', 17, 32),
		  (11, '2024-02-27 13:45:00', '2024-02-27 16:30:00', 'Bucharest', 23, 23),
		  (12, '2024-02-28 17:30:00', '2024-02-28 20:15:00', 'Toronto', 30, 31),
		  (13, '2024-02-29 10:00:00', '2024-02-29 12:45:00', 'Seoul', 24, 24),
		  (14, '2024-03-01 14:15:00', '2024-03-01 17:00:00', 'Mexico City', 28, 30),
		  (15, '2024-02-20 18:15:00', '2024-02-20 21:00:00', 'Paris', 10, 10),
		  (16, '2024-03-02 08:30:00', '2024-03-02 11:15:00', 'Amsterdam', 4, 4),
		  (17, '2024-03-03 12:00:00', '2024-03-03 14:45:00', 'Moscow', 25, 50),
		  (18, '2024-03-04 17:15:00', '2024-03-04 20:00:00', 'Shanghai', 22, 22),
		  (19, '2024-03-05 09:45:00', '2024-03-05 12:30:00', 'Rio de Janeiro', 21, 17),
		  (20, '2024-03-22 08:30:00', '2024-03-22 11:15:00', 'Seville', 39, 39),
		  (21, '2024-03-23 12:00:00', '2024-03-23 14:45:00', 'Toronto', 30, 50),
		  (22, '2024-03-24 17:15:00', '2024-03-24 20:00:00', 'Sydney', 9, 25),
		  (23, '2024-03-25 09:45:00', '2024-03-25 12:30:00', 'Shanghai', 22, 36),
		  (24, '2024-03-26 14:00:00', '2024-03-26 16:45:00', 'Rio de Janeiro', 21, 49),
		  (25, '2024-03-06 14:00:00', '2024-03-06 16:45:00', 'Istanbul', 19, 2),
		  (26, '2024-03-07 18:30:00', '2024-03-07 21:15:00', 'Barcelona', 7, 7),
		  (27, '2024-03-08 10:15:00', '2024-03-08 13:00:00', 'Madrid', 34, 19),
		  (28, '2024-03-09 15:45:00', '2024-03-09 18:30:00', 'Vienna', 11, 12),
		  (29, '2024-03-10 11:30:00', '2024-03-10 14:15:00', 'Copenhagen', 37, 38),
		  (30, '2024-03-11 19:00:00', '2024-03-11 21:45:00', 'Lima', 18, 18),
		  (31, '2024-03-12 08:45:00', '2024-03-12 11:30:00', 'Dublin', 6, 1),
		  (32, '2024-03-13 13:15:00', '2024-03-13 16:00:00', 'Prague', 33, 11),
		  (33, '2024-03-14 16:30:00', '2024-03-14 19:15:00', 'Munich', 35, 15),
		  (34, '2024-03-15 12:00:00', '2024-03-15 14:45:00', 'Helsinki', 27, 42),
		  (35, '2024-03-16 20:45:00', '2024-03-16 23:30:00', 'Singapore', 32, 21),
		  (36, '2024-03-17 09:30:00', '2024-03-17 12:15:00', 'Madrid', 5, 5),
		  (37, '2024-03-18 14:00:00', '2024-03-18 16:45:00', 'Budapest', 38, 43),
		  (38, '2024-03-19 17:30:00', '2024-03-19 20:15:00', 'Zurich', 29, 39),
		  (39, '2024-03-20 10:00:00', '2024-03-20 12:45:00', 'Oslo', 13, 13),
		  (40, '2024-03-21 14:15:00', '2024-03-21 17:00:00', 'Warsaw', 36, 26),
		  (41, '2024-03-27 18:30:00', '2024-03-27 21:15:00', 'Oslo', 19, 2),
		  (42, '2024-03-28 10:15:00', '2024-03-28 13:00:00', 'Bogota', 7, 7),
		  (43, '2024-03-29 15:45:00', '2024-03-29 18:30:00', 'Stuttgart', 11, 12),
		  (44, '2024-03-30 11:30:00', '2024-03-30 14:15:00', 'Copenhagen', 37, 38),
		  (45, '2024-03-31 19:00:00', '2024-03-31 21:45:00', 'Lima', 18, 18),
		  (46, '2024-04-01 08:45:00', '2024-04-01 11:30:00', 'Dublin', 6, 1),
		  (47, '2024-04-02 13:15:00', '2024-04-02 16:00:00', 'Prague', 33, 11),
		  (48, '2024-04-03 16:30:00', '2024-04-03 19:15:00', 'Moscow', 35, 15),
		  (49, '2024-04-04 12:00:00', '2024-04-04 14:45:00', 'Cluj', 27, 42),
		  (50, '2024-04-05 20:45:00', '2024-04-05 23:30:00', 'Singapore', 32, 21);		 
		  
insert into passenger(id, name, e_mail, phone_number, aircraft_id, flight_id)
	values
		(1, 'John Doe', 'john.doe@gmail.com', '4567890', 1, 1),
  		(2, 'Jane Smith', 'jane.smith@gmail.com', '6543210', 2, 2),
  		(3, 'Alice Johnson', 'alice.johnson@gmail.com', '1234567', 3, 3),
  		(4, 'Bob Williams', 'bob.williams@gmail.com', '4561230', 4, 4),
  		(5, 'Eva Davis', 'eva.davis@gmail.com', '2223333', 5, 5),
  		(6, 'Michael Brown', 'michael.brown@gmail.com', '5556666', 6, 6),
  		(7, 'Olivia White', 'olivia.white@gmail.com', '8889999', 7, 7),
  		(8, 'Daniel Miller', 'daniel.miller@gmail.com', '7894560', 8, 8),
  		(9, 'Sophia Wilson', 'sophia.wilson@gmail.com', '6543210', 9, 9),
  		(10, 'Liam Moore', 'liam.moore@gmail.com', '2223333', 10, 10),
		(11, 'Emma Taylor', 'emma.taylor@gmail.com', '9447555', 11, 11),
		(12, 'William Martinez', 'william.martinez@gmail.com', '7779088', 12, 15),
		(13, 'Ava Jackson', 'ava.jackson@gmail.com', '0001111', 13, 13),
		(14, 'Noah Anderson', 'noah.anderson@gmail.com', '9554666', 14, 14),
		(15, 'Mia Garcia', 'mia.garcia@gmail.com', '2223333', 15, 15),
		(16, 'James Rodriguez', 'james.rodriguez@gmail.com', '8349239', 16, 26),
		(17, 'Isabella Lopez', 'isabella.lopez@gmail.com', '7894560', 17, 27),
		(18, 'Logan Lee', 'logan.lee@gmail.com', '6543210', 18, 18),
		(19, 'Sophie Harris', 'sophie.harris@gmail.com', '9223333', 19, 12),
		(20, 'Lucas Clark', 'lucas.clark@gmail.com', '4440555', 20, 10),
		(21, 'Amelia Turner', 'amelia.turner@gmail.com', '7875688', 24, 21),
		(22, 'Ethan Baker', 'ethan.baker@gmail.com', '0001781', 22, 42),
		(23, 'Chloe Hill', 'chloe.hill@yahoo.com', '5558966', 23, 23),
		(24, 'Jacob Wright', 'jacob.wright@yahoo.com', '2223633', 34, 24),
		(25, 'Lily King', 'lily.king@yahoo.com', '8889999', 25, 25),
		(26, 'Matthew Evans', 'matthew.evans@yahoo.com', '7894560', 16, 26),
		(27, 'Grace Wright', 'grace.wright@yahoo.com', '6543210', 27, 27),
		(28, 'Aiden Smith', 'aiden.smith@yahoo.com', '2225633', 24, 48),
		(29, 'Harper Brown', 'harper.brown@yahoo.com', '2445555', 19, 29),
		(30, 'Daniel Perez', 'daniel.perez@yahoo.com', '7778228', 30, 30),
		(31, 'Ella Taylor', 'ella.taylor@gmsil.com', '0001118', 31, 31),
  		(32, 'Carter Wilson', 'carter.wilson@gmail.com', '7894560', 32, 32),
  		(33, 'Avery Harris', 'avery.harris@gmail.com', '6543210', 33, 33),
 		(34, 'Jackson Clark', 'jackson.clark@gmail.com', '4423343', 34, 34),
  		(35, 'Penelope Turner', 'penelope.turner@gmail.com', '8789978', 35, 35),
  		(36, 'Mateo Baker', 'mateo.baker@gamil.com', '7894560', 36, 36),
  		(37, 'Madison Hill', 'madison.hill@gmail.com', '6543210', 37, 37),
  		(38, 'Grayson Wright', 'grayson.wright@gmail.com', '0323343', 38, 38),
 	 	(39, 'Scarlett King', 'scarlett.king@gmail.com', '8489943', 39, 39),
  		(40, 'Nolan Evans', 'nolan.evans@yahoo.com', '7894560', 30, 40),
  		(41, 'Luna Smith', 'luna.smith@yahoo.com', '0041411', 41, 41),
  		(42, 'Hudson Brown', 'hudson.brown@yahoo.com', '7894560', 42, 42),
  		(43, 'Bella Perez', 'bella.perez@gmail.com', '6543210', 43, 45),
  		(44, 'Leo Taylor', 'leo.taylor@gmail.com', '5623343', 44, 14),
  		(45, 'Aria Wilson', 'aria.wilson@gmail.com', '8473499', 25, 45),
  		(46, 'Eli Harris', 'eli.harris@gmail.com', '7894560', 46, 41),
  		(47, 'Aubrey Clark', 'aubrey.clark@gmail.com', '6543210', 37, 47),
  		(48, 'Lucas Wright', 'lucas.wright@gmail.com', '299343', 28, 40),
  		(49, 'Stella King', 'stella.king@yahoo.com', '8349494', 29, 49),
  		(50, 'Sebastian Evans', 'sebastian.evans@gmail.com', '7894560', 50, 50);

insert into route(id, distance, duration, flight_id)
	values
		(1, '1224 km', '1.5h', 1),
		(2, '1400 km', '2h', 2),
		(3, '9500 km', '11h', 3),
		(4, '550 km', '1h', 4),
		(5, '3200 km', '5h', 5),
		(6, '700 km', '2h', 6),
		(7, '5600 km', '8h', 7),
		(8, '1200 km', '2.5h', 8),
		(9, '16000 km', '18h', 9),
		(10, '3000 km', '4h', 10),
		(11, '1200 km', '2.5h', 11),
		(12, '1800 km', '3h', 12),
		(13, '7500 km', '9h', 13),
		(14, '4000 km', '5h', 14),
		(15, '1300 km', '2.5h', 15),
		(16, '900 km', '1.5h', 16),
		(17, '4500 km', '6h', 17),
		(18, '8600 km', '10h', 18),
		(19, '5000 km', '7h', 19),
		(20, '900 km', '1.5h', 20),
		(21, '2200 km', '3.5h', 21),
		(22, '12000 km', '14h', 22),
		(23, '5500 km', '6.5h', 23),
		(24, '8000 km', '9.5h', 24),
		(25, '1000 km', '2h', 25),
		(26, '700 km', '2h', 26),
		(27, '9500 km', '11h', 27),
		(28, '3000 km', '4h', 28),
		(29, '500 km', '1h', 29),
		(30, '1800 km', '3h', 30),
		(31, '2600 km', '3.5h', 31),
		(32, '4000 km', '5h', 32),
		(33, '750 km', '1.5h', 33),
		(34, '1300 km', '2.5h', 34),
		(35, '4800 km', '6h', 35),
		(36, '2100 km', '2.5h', 36),
		(37, '4100 km', '5.5h', 37),
		(38, '1800 km', '3h', 38),
		(39, '1200 km', '2.25h', 39),
		(40, '3200 km', '4.5h', 40),
		(41, '2700 km', '3.5h', 41),
		(42, '9500 km', '11h', 42),
		(43, '3600 km', '5h', 43),
		(44, '2200 km', '3.5h', 44),
		(45, '4200 km', '6h', 45),
		(46, '1600 km', '2.25h', 46),
		(47, '1500 km', '2h', 47),
		(48, '500 km', '1h', 48),
		(49, '2800 km', '3.5h', 49),
		(50, '2000 km', '3h', 50);

insert into seat(id, seat_number, flight_id, passenger_id)
	values
		(1,'2C', 1, 2),
		(2, '3A', 2, 3),
        (3, '10B', 3, 10),
        (4, '5C', 4, 5),
        (5, '8D', 5, 8),
        (6, '12E', 6, 12),
        (7, '7F', 7, 7),
        (8, '1G', 8, 1),
        (9, '4H', 9, 4),
        (10, '9J', 10, 9),
        (11, '11K', 11, 11),
        (12, '6L', 12, 6),
        (13, '2A', 13, 2),
        (14, '13B', 14, 13),
        (15, '14C', 15, 14),
        (16, '15D', 16, 15),
        (17, '16E', 17, 16),
        (18, '17F', 18, 17),
        (19, '18G', 19, 18),
        (20, '19H', 20, 19),
        (21, '20J', 21, 20),
        (22, '21K', 22, 21),
		(23, '22D', 23, 32),
        (24, '23A', 24, 23),
        (25, '24B', 25, 24),
        (26, '25C', 26, 25),
        (27, '26D', 27, 26),
        (28, '27E', 28, 27),
        (29, '28F', 29, 28),
        (30, '29G', 30, 29),
        (31, '30H', 31, 30),
        (32, '31J', 32, 31),
        (33, '32K', 33, 32),
		(34, '28E', 23, 50),
        (35, '34A', 35, 34),		
  		(36, '25B', 36, 35),
        (37, '23C', 37, 36),
        (38, '23D', 38, 37),
        (39, '43E', 39, 38),
        (40, '23F', 40, 39),
        (41, '34A', 22, 40),
        (42, '16B', 42, 41),
        (43, '25D', 33, 42),
        (44, '32D', 44, 23),
        (45, '44A', 45, 24),
        (46, '12A', 26, 45),
        (47, '23E', 33, 46),
        (48, '34C', 48, 27),
        (49, '31D', 12, 48),
        (50, '13E', 50, 41);
		
insert into ticket(id, destination, price, passenger_id, flight_id, seat_id)
	values
		(1, 'New York', '300$', 1, 2, 1),
		(2, 'London', '250$', 2, 3, 2),
        (3, 'Tokyo', '500$', 3, 3, 6),
        (4, 'Timisoara', '150$', 4, 5, 5),
        (5, 'Lisbon', '200$', 5, 5, 3),
        (6, 'Berlin', '180$', 6, 4, 2),
        (7, 'Beijing', '400$', 7, 1, 7),
        (8, 'Dubai', '350$', 8, 8, 22),
        (9, 'Sydney', '600$', 9, 19, 43),
        (10, 'Cancun', '320$', 13, 30, 10),
        (11, 'Bucharest', '130$', 17, 21, 11),
        (12, 'Toronto', '280$', 32, 12, 42),
        (13, 'Seoul', '450$', 13, 43, 23),
        (14, 'Mexico City', '240$', 43, 34, 23),
        (15, 'Paris', '170$', 15, 15, 31),
        (16, 'Amsterdam', '210$', 16, 43, 26),
        (17, 'Moscow', '260$', 23, 47, 43),
        (18, 'Shanghai', '380$', 28, 11, 18),
        (19, 'Rio de Janeiro', '320$', 19, 22, 19),
        (20, 'Seville', '190$', 20, 33, 20),
        (21, 'Toronto', '220$', 50, 21, 33),
        (22, 'Sydney', '410$', 12, 42, 22),
        (23, 'Shanghai', '360$', 43, 33, 23),
        (24, 'Rio de Janeiro', '290$', 26, 39, 24),
        (25, 'Istanbul', '330$', 25, 44, 35),
        (26, 'Barcelona', '270$', 46, 16, 27),
        (27, 'Madrid', '310$', 27, 17, 27),
        (28, 'Vienna', '240$', 28, 48, 28),
        (29, 'Copenhagen', '180$', 39, 27, 19),
        (30, 'Lima', '420$', 32, 20, 23),
		(31, 'Dublin', '180$', 6, 1, 34),
        (32, 'Prague', '300$', 33, 11, 35),
        (33, 'Munich', '350$', 35, 15, 36),
        (34, 'New York', '420$', 27, 42, 37),
        (35, 'Singapore', '500$', 32, 21, 38),
        (36, 'Madrid', '380$', 5, 5, 39),
        (37, 'Budapest', '200$', 38, 43, 40),
        (38, 'Zurich', '450$', 29, 39, 41),
        (39, 'Oslo', '300$', 13, 13, 42),
        (40, 'Warsaw', '250$', 36, 26, 43),
        (41, 'Oslo', '320$', 19, 2, 44),
        (42, 'Bogota', '280$', 7, 7, 45),
        (43, 'Stuttgart', '350$', 11, 12, 46),
        (44, 'Copenhagen', '420$', 37, 38, 47),
        (45, 'Lima', '500$', 18, 18, 48),
        (46, 'Dublin', '380$', 6, 1, 49),
        (47, 'Prague', '200$', 33, 11, 50),
        (48, 'Moscow', '450$', 35, 15, 1),
        (49, 'Cluj', '300$', 27, 42, 2),
        (50, 'Singapore', '250$', 32, 21, 3);